Linear Regression,AdaBoost,Ada-Linear-Stack,Id
continuous,continuous,continuous,string
,,,meta
129676.7384319932,129000.0,124964.60793621096,1461
169990.60121774924,175000.0,178106.06861154884,1462
163479.24518638878,157000.0,161199.13621365902,1463
178866.29051658584,159000.0,169678.1543692167,1464
210014.68502159655,180000.0,188129.94966469382,1465
174879.28306087354,167900.0,173003.51814592755,1466
164952.6389710553,154000.0,161749.88436191736,1467
164816.20909178435,152000.0,155325.4451444565,1468
198260.4216133447,194000.0,203920.05061288446,1469
110197.42080887342,129500.0,118118.45143826574,1470
199525.88467114035,197500.0,204558.36650019532,1471
122557.6752381993,106000.0,106651.8632164748,1472
113992.67386231695,100000.0,104554.27519016858,1473
168091.01483781738,148500.0,154466.3371591473,1474
145515.84872548797,124900.0,131774.23564356347,1475
303447.6048468132,320000.0,328086.1325119424,1476
248827.14475096713,214500.0,239538.88413567978,1477
274359.62673508754,235000.0,291813.84963105875,1478
266075.315669979,326000.0,311715.91472839576,1479
368997.4514919078,485000.0,468998.1701236954,1480
284826.31714223296,333168.0,315755.94375182455,1481
216888.84592843807,181134.0,195831.03387088762,1482
177208.9067433506,180000.0,176494.0910874715,1483
179476.67118446826,165150.0,166516.89536964856,1484
167451.54002225824,120000.0,145762.46759868783,1485
198444.35509395023,178000.0,190065.7860909311,1486
301178.619277139,402000.0,336272.06916928955,1487
253450.88437471783,224000.0,240554.92329483267,1488
193183.41847333417,165500.0,181040.33727075983,1489
192419.28294685498,189000.0,190738.8011135734,1490
195890.32295655063,162900.0,180745.7722621933,1491
125417.16797711374,145000.0,134798.7405980682,1492
185672.5075878898,180000.0,176626.29691821625,1493
275041.5307685703,235000.0,249192.15449002528,1494
272578.59781132784,275000.0,278369.35269292095,1495
210437.51986878316,203000.0,216193.5020280897,1496
200396.2442595788,185000.0,191739.28844996737,1497
164925.33384871238,116900.0,137289.7772099071,1498
164925.33384871238,116900.0,137289.7772099071,1499
149667.79832654705,130000.0,137643.38422129667,1500
167461.65763605604,158900.0,153511.72925009238,1501
157085.581419763,106000.0,121085.95534508408,1502
244211.60051264003,234000.0,245063.79783135367,1503
230669.2141179453,220000.0,207215.4106439356,1504
213656.97688819116,201000.0,219501.99657944342,1505
222973.06906272168,197900.0,194059.60638906574,1506
241389.14868249,265000.0,262623.25615548354,1507
209454.48430844324,205000.0,203440.08942042183,1508
176145.1301179435,173000.0,170284.5212738578,1509
155530.1499811026,165150.0,157604.1151618724,1510
154050.9823859579,165150.0,157228.49275221323,1511
178540.23987186083,194000.0,188143.79123619522,1512
180466.62259584278,178000.0,176212.2377866044,1513
170361.68699800543,228500.0,199497.790664218,1514
217589.55303994272,210000.0,217338.0798206518,1515
173970.54455586645,164000.0,165165.0239055115,1516
152060.048465965,143000.0,146963.23735194627,1517
188380.98557641453,184000.0,168332.55574324555,1518
213455.820552269,196000.0,211727.03593590014,1519
137225.3352025584,147000.0,140431.83293658795,1520
142634.06743202748,149350.0,144432.955207048,1521
192137.6306955287,174000.0,182215.0545542061,1522
117734.09144777697,127000.0,122911.48522346579,1523
126087.6999248863,134000.0,132595.11122112905,1524
122760.73823962166,135750.0,131449.70452021604,1525
122787.92319994984,132000.0,128415.27402463397,1526
113924.53259423729,122900.0,114163.69525092588,1527
146210.25040014097,137500.0,138790.38904918949,1528
150560.2339364297,154000.0,153569.35376972912,1529
184672.63317715636,181134.0,192051.2301075729,1530
142751.90100578475,143500.0,140186.05903750806,1531
104956.56931533277,119000.0,108887.74847924749,1532
167124.07835175557,175000.0,172471.3371237387,1533
146681.20833496627,137500.0,137717.77706018515,1534
155479.7081371245,143500.0,139570.82328455555,1535
138449.0780526838,143500.0,136380.41666390063,1536
76450.7857245659,115000.0,91487.86886583964,1537
200362.7724861215,159895.0,175538.7376487057,1538
238299.0726642212,190000.0,210739.98731323713,1539
169346.3526129504,190000.0,190374.3450789342,1540
173186.04299779332,152000.0,156394.7723612839,1541
157479.24651648867,145000.0,142396.65738684314,1542
216932.10139138805,236500.0,230814.93904530336,1543
84963.04828631104,105500.0,94801.98009107972,1544
133259.9228396995,120000.0,120751.66133899227,1545
153867.79595529006,147000.0,147934.22092258403,1546
141217.49491221653,142000.0,136441.24872875222,1547
155586.44469197188,140000.0,147929.7313724087,1548
126435.24251878489,116000.0,111261.31540961695,1549
158828.18424281344,159000.0,157557.1165693899,1550
148643.69412813114,142125.0,145555.76701029556,1551
165766.82900492076,197500.0,190453.5905718072,1552
147768.39282104728,132500.0,135919.08002062043,1553
142758.0766237455,130500.0,125654.29362895516,1554
176529.5401174174,193000.0,173633.33431151626,1555
122032.13447144633,120000.0,120247.57218141697,1556
137072.73884773994,140000.0,138460.8256453568,1557
122111.54591881573,116000.0,112756.39321115043,1558
129705.95988065514,130000.0,137581.47449077878,1559
163390.9925462397,173000.0,168646.1987397012,1560
161960.79099401,200500.0,185672.80641429764,1561
118945.29137341015,130000.0,126719.91688325479,1562
112871.66472548096,124900.0,123695.98183274634,1563
169263.01486201907,181000.0,167463.49789761272,1564
148117.52202682485,159500.0,147806.37460096594,1565
215499.42275449558,215000.0,213406.6980425519,1566
94624.99870226241,97000.0,99299.77531682354,1567
205822.55778491864,200000.0,205358.90333878534,1568
125759.49007364086,162000.0,143751.41924524287,1569
143791.3315790746,145000.0,143444.53019654058,1570
127408.72437943585,133000.0,130707.7837533865,1571
141479.21315587775,145000.0,144000.49795488676,1572
215350.02949806393,235000.0,232678.41456870054,1573
159174.9431138513,179900.0,173269.86916017716,1574
207618.07306778769,235000.0,226680.20562732854,1575
217165.25618197545,176000.0,181947.3369018369,1576
191634.94767129218,167900.0,171942.64420651668,1577
164442.4196202531,151000.0,151777.31872195195,1578
133700.23289930454,138000.0,142700.50883066782,1579
200207.28046287384,162900.0,184893.4227204139,1580
127383.06022563903,135500.0,131849.13922879045,1581
125463.04753245428,132500.0,132773.69565482278,1582
284662.95058509504,325000.0,328672.95861648885,1583
229307.41301657754,224000.0,229735.93558474377,1584
138076.51226289713,141000.0,135014.53708252593,1585
43507.09866145195,108000.0,74618.11389565504,1586
110363.09261177885,115000.0,106845.77328058679,1587
142565.00128303032,149350.0,143631.0836585705,1588
116406.60917669247,139000.0,128658.75748099912,1589
149610.51234273883,144000.0,144440.26436792736,1590
89921.31014377167,123600.0,113862.82154449941,1591
142815.84265356505,152000.0,148916.7713856864,1592
138074.08149727905,137000.0,135773.76483023295,1593
147904.42723246847,140000.0,130701.70234707196,1594
139879.13554144994,135900.0,133708.53400207142,1595
230742.67704851058,228000.0,226612.79946073046,1596
195227.0209654995,205000.0,199972.4491358253,1597
186066.08013319594,165600.0,175729.5474636987,1598
192225.76734671902,159500.0,172775.6890382937,1599
203356.02798648557,165000.0,178024.5228664519,1600
30580.551679343625,68500.0,64280.71363542412,1601
146079.7144701095,128200.0,128893.36539707665,1602
100168.57778973317,127000.0,115072.0349993635,1603
240062.03129791317,271000.0,245945.39170468296,1604
246262.81167718588,206900.0,218062.6271355006,1605
174317.26850282273,175000.0,175389.69699436694,1606
245786.96418114693,272000.0,259395.13873579528,1607
208244.76139787244,180500.0,186247.2314874213,1608
187919.98541544582,165000.0,172608.81930587327,1609
136837.06007120005,132000.0,142784.89286624407,1610
154795.58208921074,162000.0,155467.15855423117,1611
175299.30509929714,185000.0,171964.96929073252,1612
170077.8228360295,168000.0,161116.72516678215,1613
118831.2294226134,128200.0,123852.72530802609,1614
82359.20909356649,88000.0,83335.6260532086,1615
82359.20909356649,88000.0,83335.6260532086,1616
96537.0396705832,101000.0,87797.55755223056,1617
115814.47174649543,128200.0,123919.91699751742,1618
122211.3765695335,132000.0,128087.9670073646,1619
215339.8464176111,200000.0,186091.4345311095,1620
139632.5805923568,139000.0,133727.28168176708,1621
142265.23240057277,128000.0,134271.1847361495,1622
250163.50157581823,315000.0,279936.3375808381,1623
200847.74331581537,190000.0,191189.71418585881,1624
138577.15540218528,130000.0,131277.90438538275,1625
189605.01053099707,182900.0,185832.62808303372,1626
179713.26941455834,164000.0,169367.30196696304,1627
259781.89085071866,241000.0,252311.01688124053,1628
181957.40055752252,149000.0,164669.6510662847,1629
308600.58635487105,285000.0,290590.1811434844,1630
224828.56503265002,212000.0,231560.02793755406,1631
245306.1671593915,270000.0,237651.9507868873,1632
167792.9979075632,120000.0,145862.82222684548,1633
180382.39555084598,162900.0,165633.061566891,1634
165066.55329255376,165600.0,161597.5161097305,1635
165762.82699120478,153900.0,165732.82029398598,1636
186170.6285500994,192500.0,197985.32396525762,1637
220113.3484174721,195000.0,199841.21647941484,1638
202246.12513393792,181000.0,187290.49035436983,1639
257282.59594716007,260000.0,259991.74304037265,1640
197407.2744701095,175900.0,183904.73672937768,1641
214313.4138965863,197900.0,204489.15319583644,1642
234664.78446624818,231500.0,219201.52757128738,1643
227862.55284737746,197900.0,199231.3560058822,1644
186629.79250984563,190000.0,186983.83900010737,1645
162915.27842859272,167900.0,159709.43315806528,1646
185270.54975850036,170000.0,168784.51457519826,1647
150754.99946875003,155000.0,154250.62462311765,1648
130160.75689914337,142125.0,136942.05921984144,1649
110358.61057726374,122900.0,113224.4904990252,1650
110358.61057726374,122900.0,113224.4904990252,1651
122557.6752381993,106000.0,106651.8632164748,1652
123326.79103574366,106000.0,106279.83719860777,1653
170959.56994385694,155000.0,161561.32315454495,1654
172005.73443962948,143750.0,152732.39378550323,1655
168091.01483781738,148500.0,154466.3371591473,1656
170959.56994385694,155000.0,161561.32315454495,1657
168091.01483781738,148500.0,154466.3371591473,1658
146737.11511575224,124900.0,129310.80837483922,1659
145327.00945122133,145000.0,141881.69977707576,1660
330307.37638402847,395000.0,370084.81295624585,1661
316636.34469424613,333168.0,327297.61485044204,1662
306668.80301340704,385000.0,374543.67293820484,1663
373225.7330028536,410000.0,392554.417820127,1664
280877.55325463763,342643.0,324045.63409619546,1665
270826.8505387741,333168.0,295064.65818042704,1666
288910.6350780242,315000.0,314096.3673127459,1667
284384.843126867,335000.0,316057.055063269,1668
258721.72227306245,224000.0,252469.0482475952,1669
286615.0941649183,335000.0,322262.854083008,1670
235774.7410699346,275000.0,247937.4371642559,1671
342664.4367955081,556581.0,484138.1777311523,1672
270377.80608255224,234000.0,246086.24373336261,1673
253893.85127539956,224000.0,239702.21622819587,1674
181789.2359060667,180000.0,179860.6960135388,1675
181881.65240067616,175000.0,175893.31178518006,1676
198645.5169328926,180000.0,188395.13298689728,1677
365011.8969887224,386250.0,388031.77854510443,1678
297982.9186901997,350000.0,351863.49041275587,1679
282305.96493205155,328900.0,316095.87408497615,1680
242787.52928772353,224000.0,234444.1221940001,1681
257592.3835640021,275000.0,284928.3091316039,1682
202583.30794868662,182900.0,190135.20203220486,1683
179274.23336374768,155835.0,166522.6825897948,1684
164525.76931753688,155000.0,157952.92898666862,1685
184445.62991857255,155000.0,169050.31471159376,1686
167415.9938198749,120000.0,147911.07646912665,1687
194137.3244392739,167500.0,181374.33279628356,1688
191533.36882666114,167900.0,179815.7574677183,1689
183323.9726117414,155000.0,168437.6721111186,1690
172645.1067138767,151000.0,159039.7411505178,1691
241637.95887443196,214500.0,224767.9042636896,1692
167451.54002225824,120000.0,145762.46759868783,1693
167711.51473552597,152000.0,156312.76900799703,1694
170543.59608771006,160000.0,163855.8078913463,1695
251212.50591623056,234000.0,235940.91705651727,1696
170864.06100335356,160000.0,162485.64759273856,1697
300964.3098489176,310000.0,291601.7882448293,1698
289701.0764934428,360000.0,340933.0331649763,1699
229459.6146414572,205000.0,221350.2885780206,1700
257971.2817739194,240000.0,249075.48884925016,1701
264900.3454610908,245350.0,257985.7770814801,1702
252783.4356490116,228950.0,247833.19977590392,1703
261301.3037087791,245350.0,261705.2810113741,1704
222139.22361135023,187500.0,221415.102036155,1705
342135.2919918875,386250.0,385565.2462583295,1706
206816.04305274715,187500.0,206143.78573407256,1707
207078.23382706672,185000.0,192319.0819729498,1708
268417.9788905342,197900.0,240810.99032771765,1709
228281.49460071576,190000.0,214205.8105601661,1710
236705.8430852334,187000.0,191821.4505063457,1711
257076.75126366405,320000.0,309433.6885148947,1712
236436.77438313357,214500.0,236622.56042633162,1713
218513.51482957977,235000.0,243946.45927064968,1714
199487.53753235016,180500.0,186038.6040521793,1715
191206.48521699998,165000.0,171379.7921314961,1716
181804.20700471,165000.0,166016.2695800615,1717
140611.10437181575,128950.0,139709.96831660296,1718
203809.60834947918,168000.0,185580.47261686096,1719
245372.34701367086,224000.0,239249.68440624405,1720
182489.39297296794,165000.0,164653.16463559668,1721
119911.75416615552,141000.0,133366.8157852632,1722
147238.97779111238,162000.0,159409.3706197661,1723
221302.07308268466,197900.0,208801.43422952315,1724
224104.2985171111,195000.0,221493.2202564292,1725
183374.5675238385,173000.0,179833.36939895066,1726
181433.11315340755,179900.0,179284.88422585037,1727
187630.1539293439,174000.0,178318.11471574396,1728
160228.67961076816,153900.0,153850.1623195767,1729
175597.51334487068,165600.0,160714.26400008093,1730
131488.23448508105,138000.0,136767.17620580594,1731
132404.75910456292,129000.0,126203.90698394715,1732
118034.64957816008,127000.0,124750.82774505971,1733
125177.90513931055,130500.0,127939.28532162821,1734
117606.96030493401,127000.0,126397.09899160732,1735
116068.72870984525,123600.0,122646.17019420092,1736
288057.9640697788,372500.0,360253.8822696252,1737
206820.64268547882,182900.0,187560.90752733406,1738
293482.8145235918,301000.0,301988.7709326261,1739
215101.9113892502,197900.0,195803.62965872078,1740
176747.3759418631,145000.0,157924.1427492291,1741
167426.11143367272,168000.0,156979.99462005062,1742
181685.8193024388,173900.0,166581.72290011813,1743
249073.74046116776,262000.0,265826.63987305295,1744
233841.45533253517,239000.0,247259.51643327827,1745
252248.53144246858,235000.0,251384.5236968518,1746
228536.06759675426,200000.0,203827.14602289785,1747
235529.68042298232,239686.0,239390.2486644476,1748
162331.4877299638,179900.0,174292.5028413187,1749
161252.71481699086,145000.0,156035.76648333087,1750
236288.53020167147,235000.0,226176.72520127366,1751
113932.69865792347,128500.0,125119.36855355377,1752
182126.28500906425,205000.0,200224.7877223819,1753
227714.15368167486,221000.0,232830.4378217317,1754
176824.3467332502,179900.0,178194.2173150373,1755
107104.7879353056,129500.0,121079.15341576359,1756
113804.51269166608,128200.0,124065.24339515387,1757
155628.83172588187,168000.0,163530.92127702644,1758
182536.6361141858,165500.0,175236.72800424913,1759
166165.00273581088,180500.0,170331.5713635841,1760
161520.63640728226,175000.0,169417.5082700464,1761
185617.1916231534,194000.0,194567.65461190627,1762
188768.097460923,190000.0,193595.27348641932,1763
122556.08219288051,130250.0,135460.7341390862,1764
212674.74508949977,197900.0,202759.81642899814,1765
191226.10301017135,185750.0,188737.18275529626,1766
201011.254636862,207500.0,205329.04948170818,1767
137199.80188415572,147000.0,141714.9557038869,1768
196148.48226004068,197000.0,207994.07647890606,1769
139771.27597188344,142000.0,141621.99041099273,1770
142042.42272089608,149350.0,144426.05483422996,1771
158603.83637060385,167900.0,159888.12145826026,1772
124507.42557268351,140000.0,135880.21451906266,1773
207745.58675909066,200500.0,195070.16865161268,1774
147130.44587162486,149000.0,142003.14236918718,1775
133655.23966643313,144000.0,141025.9065910689,1776
105638.71324246211,117000.0,115895.73247143118,1777
125302.52485689061,133000.0,127728.35018764772,1778
123916.52886282145,120000.0,125777.08729693576,1779
184589.67467908366,177000.0,178770.7800563114,1780
140016.08982085556,145000.0,144801.02624841893,1781
75498.96129839432,123000.0,94364.35346271137,1782
148777.05999414617,144000.0,132169.083036448,1783
92177.48930656386,90000.0,98459.0120120134,1784
129795.26247190256,142000.0,135798.34676663284,1785
198290.30187274993,240000.0,230293.08275740716,1786
196372.35635032397,179900.0,183066.4320238723,1787
21173.29005877039,67000.0,58090.5711509021,1788
122859.04935551787,120000.0,121011.40066121702,1789
66145.45269944234,86000.0,75767.31982334553,1790
255767.68318917896,240000.0,237374.96307494445,1791
175931.74670645723,174000.0,171888.9438329695,1792
156163.4875351223,151000.0,152932.643092801,1793
148703.66821090257,143750.0,148426.97778335027,1794
151051.59344657802,142125.0,145051.08681329057,1795
133190.43129029684,107500.0,116664.6259648598,1796
165543.5086593684,139000.0,141982.20618439539,1797
128227.2284659338,138800.0,133906.94543928214,1798
100525.80336855871,116000.0,108711.24895349349,1799
124330.5450618359,129500.0,127893.67923032498,1800
126653.99185121909,144000.0,129965.69909515753,1801
177908.83638591054,145000.0,161606.93697913212,1802
187725.86536299868,175000.0,169706.32124098242,1803
133439.40330773886,137000.0,140594.7853876677,1804
144648.00234088072,145000.0,143331.139234092,1805
152606.98885619242,137500.0,140882.5994115605,1806
192833.98000314497,200000.0,204297.95016447973,1807
130654.13818633609,129500.0,132771.06273439105,1808
118052.44456475301,125500.0,121738.07298907265,1809
152226.58224390392,165600.0,158485.51313732818,1810
118575.10984084997,125000.0,123221.685377714,1811
125785.73611239616,123600.0,124816.69076212516,1812
133628.00609095785,129000.0,132748.4126456217,1813
100877.76642276885,124500.0,116398.82841803395,1814
26924.06044938913,85000.0,69509.01943637303,1815
103093.71520858422,113000.0,110669.57025717627,1816
141222.3362444722,147000.0,140863.01124655112,1817
191771.5520544022,207500.0,207502.0693843075,1818
143252.9726571082,127000.0,132367.3127828613,1819
73276.73451913758,93500.0,83875.51855352288,1820
162693.14244574588,140000.0,150237.7264682383,1821
180483.57468214622,174000.0,169723.55680267428,1822
46059.6262378805,82000.0,68296.18738496077,1823
165778.40273466462,177000.0,172191.80343292034,1824
140782.28023279182,127000.0,124534.34744231506,1825
118174.97206651006,119500.0,117043.73661521505,1826
122540.71074062653,131400.0,129245.91322221904,1827
149946.59498463297,144000.0,148113.99687865985,1828
179361.5597485516,139000.0,140008.4605957022,1829
194612.17161387496,181900.0,188107.19092892963,1830
197203.14711281488,194700.0,193560.12742441587,1831
167302.53122143465,199900.0,189795.58830986137,1832
182512.57893376457,177000.0,189046.9368878498,1833
150838.09107581945,160000.0,152407.9717406627,1834
186595.15995810495,176485.0,199547.56072463348,1835
184713.0393279049,173000.0,180281.35046378127,1836
83411.55993744117,115000.0,102444.28444020101,1837
152626.3860457749,142000.0,146739.13843894235,1838
77060.0015478677,86000.0,83806.91654215823,1839
124771.32571336145,179000.0,164692.17983675486,1840
135028.47193150825,142125.0,143198.89104946682,1841
113913.8564067087,108000.0,105676.7168530875,1842
141134.61645219589,146000.0,138016.0525520644,1843
142622.22747494193,143000.0,136979.28550485132,1844
153398.61145188,139000.0,146792.59766677304,1845
164377.67061122938,153337.0,161045.5950519033,1846
186324.30255284038,242000.0,203119.6319777266,1847
14956.337705130485,60000.0,61815.884147651865,1848
118443.63707196267,130500.0,127531.59941520938,1849
132348.00310444343,139400.0,138315.83077478028,1850
164729.03587610042,149000.0,157032.68802253137,1851
130869.00296124721,140000.0,136754.62762808948,1852
126808.30256164793,130500.0,127185.92767212263,1853
174155.8482488149,159500.0,162522.3828580688,1854
164691.861549393,145000.0,161114.3128353396,1855
214932.99912938767,190000.0,197696.2538924027,1856
168511.36996146437,165150.0,157248.31761405512,1857
180752.41283982713,190000.0,177652.01758100724,1858
140383.1297265196,118964.0,131609.17348392404,1859
159051.15532984782,153000.0,150354.25197661488,1860
139063.320189324,120000.0,129935.31818432626,1861
281932.7193199162,290000.0,269858.02513988747,1862
281932.7193199162,290000.0,269858.02513988747,1863
281932.7193199162,290000.0,269858.02513988747,1864
284139.6809804901,230000.0,255438.13639418,1865
279956.5662413267,328900.0,316200.86088954366,1866
243575.0894511846,214500.0,230605.83955705052,1867
257433.16689153947,318061.0,306358.3228605342,1868
198650.15519486423,176000.0,177443.0217012995,1869
222590.07938576356,172000.0,182829.38384365715,1870
244202.39199933165,214500.0,236799.8189977382,1871
161285.43469098367,158900.0,155882.45623552473,1872
218026.5412979447,196000.0,212532.09980564963,1873
128595.7421045835,138000.0,131775.97896872202,1874
209364.05302166948,228000.0,225733.48762509844,1875
187989.88897869448,176000.0,186702.7463947515,1876
208715.07112836253,187500.0,195176.54158627355,1877
214041.53478696334,196000.0,212420.1658884089,1878
118530.3222665469,130000.0,129320.40520778406,1879
127366.27926673819,137000.0,138897.44513589665,1880
247992.67039872706,168000.0,188765.71902848347,1881
249873.01177614363,238000.0,243926.98433270396,1882
201521.81658865287,180000.0,194429.75578511096,1883
214135.4879313314,197500.0,205372.37447716348,1884
228809.85229470764,244400.0,236694.844946551,1885
256419.97734110747,315000.0,306217.7697269567,1886
204682.2067085433,187500.0,205521.05962560547,1887
251258.05908087135,215000.0,241496.09432283297,1888
156682.65353726497,158900.0,155749.1195292902,1889
125063.24171145442,145000.0,124357.63260729462,1890
147743.11835353187,149500.0,148253.84097927206,1891
98147.99308302732,128200.0,116335.6881035169,1892
145553.3883572091,143500.0,143741.50171506367,1893
166170.77726529774,217500.0,200550.4939347501,1894
162604.2916912607,173000.0,165165.08607338218,1895
130211.43850438908,130250.0,127414.14465203132,1896
131005.86802336824,135000.0,129577.93027630108,1897
136645.68679708245,118000.0,122865.6275450991,1898
161062.75079153478,149500.0,156904.23055817152,1899
154327.95308744203,113000.0,128233.11953690668,1900
157206.2306939124,167500.0,152825.27400382128,1901
148054.10781365074,149350.0,148033.891113642,1902
240511.43241908817,259500.0,254304.54535314857,1903
137254.78347655621,146000.0,140648.60791841891,1904
198131.35309800864,193500.0,203573.54035957178,1905
151149.46343131235,143000.0,142064.84442688766,1906
217625.70347140235,243000.0,236513.1452921373,1907
136957.40350586214,110000.0,114250.43414954618,1908
148604.76409223452,124900.0,134831.19121043608,1909
148604.76409223452,124900.0,134831.19121043608,1910
192811.2069413841,187000.0,188119.42776412528,1911
272033.0240487085,217000.0,244912.79180392422,1912
189457.135623291,197500.0,192743.4749866801,1913
68786.13671805935,86000.0,80466.05262086258,1914
238851.6685499545,275000.0,275149.2040148943,1915
37905.044520347816,88000.0,71666.25648228808,1916
251237.57344350047,234000.0,235694.81388927693,1917
136854.29129144692,140000.0,140513.98769218667,1918
170923.01021980355,160000.0,162106.52599443938,1919
190286.69733084802,185000.0,183488.9705437037,1920
308032.9287275462,385000.0,374766.5542451588,1921
274549.1958322748,225000.0,257588.74884810115,1922
208887.68167626645,208900.0,207344.96215616885,1923
215981.3071529349,215000.0,229200.34049824902,1924
218044.15840848617,202900.0,207729.7741431833,1925
303917.5546354769,386250.0,376746.7161138407,1926
128345.41228313811,136500.0,135073.74366699616,1927
164127.8530068269,172500.0,170841.7062094542,1928
108966.63101660203,124900.0,119934.01318897832,1929
136910.17979827794,123000.0,127700.48726690887,1930
131597.24722681454,129000.0,127022.98310056399,1931
135920.4156333343,133000.0,133506.28918770686,1932
173239.4899891501,153900.0,150636.41022732828,1933
178866.29051658584,159000.0,169678.1543692167,1934
162211.58883018795,159500.0,157442.73263737283,1935
178930.38349971455,159000.0,169076.49572228573,1936
177423.79031991705,159000.0,161106.26448598094,1937
163535.6733270926,173000.0,170147.67141447534,1938
245177.90844772116,244400.0,252327.33551136832,1939
210014.68502159655,180000.0,188129.94966469382,1940
180191.93719623383,162000.0,170012.61646726617,1941
179438.81419771147,175000.0,176741.1287951121,1942
213382.276488052,180000.0,187330.5765082299,1943
276503.70341156557,244400.0,254472.39249122646,1944
288027.0214468993,360000.0,332849.18969180353,1945
196821.4702154616,197900.0,206541.3434817942,1946
264773.3218383087,275000.0,276767.3829849224,1947
200825.41006845128,196000.0,195204.06560477518,1948
227596.43253732304,228000.0,228584.96437757963,1949
194275.2487115561,174900.0,179652.23258555654,1950
259781.1621879209,285000.0,306947.1908708899,1951
236522.16121750014,241500.0,256329.49183158463,1952
168730.89198592602,165000.0,169623.84180079823,1953
217523.27911525557,205000.0,208493.82479019175,1954
141684.72014906554,142500.0,138376.12154330473,1955
311307.93197683047,295000.0,276742.58334364777,1956
188609.54303673276,187500.0,187365.49214582704,1957
275360.1838991364,235000.0,245840.28934449542,1958
170496.43078502757,165150.0,176826.67140025992,1959
102116.05082983407,126000.0,120385.38965557172,1960
127405.50642052453,130000.0,128454.49902814145,1961
122557.6752381993,106000.0,106651.8632164748,1962
125377.76649586202,100000.0,107773.92575726917,1963
125061.32488126072,119500.0,116808.52403793824,1964
168767.49087148765,149900.0,153781.32865697204,1965
171958.08073552078,144000.0,152726.7539408433,1966
253197.95633570588,224000.0,239228.68232161005,1967
317928.80588202726,375000.0,391367.46618149476,1968
294712.69599038997,360000.0,355660.6377757224,1969
335651.26283566654,438780.0,388022.7458246781,1970
361725.05555554887,438780.0,424317.23072445206,1971
304954.0277897122,325000.0,325541.72810411325,1972
248847.35996728909,205000.0,235030.09296820773,1973
271193.40936336986,235000.0,245392.57860430345,1974
360710.2807325189,410000.0,416113.69976739935,1975
247734.33779001638,224000.0,248926.3684562355,1976
298100.46718284657,305000.0,308772.4839149974,1977
311460.47233179054,381000.0,365367.9707766146,1978
292736.97743955936,360000.0,326095.65227242163,1979
199590.49550121484,181134.0,189372.87538214278,1980
289731.48558219854,360000.0,323024.55449923594,1981
216657.0049213688,187500.0,195574.9383766886,1982
216657.0049213688,187500.0,195574.9383766886,1983
191572.89800868012,167900.0,177307.03406062638,1984
216153.39518851505,205000.0,210510.11396423934,1985
223692.8188978228,214500.0,224133.9053424798,1986
185235.65901263998,159000.0,172849.89451200646,1987
167583.86330402072,154900.0,157857.64976012183,1988
196501.86678956507,175000.0,183745.50819258817,1989
211122.72069131327,190000.0,202665.2809567599,1990
198645.5169328926,180000.0,188395.13298689728,1991
211191.63059238295,190000.0,202257.1370601113,1992
176815.76974094132,153575.0,160718.8847174203,1993
233179.90095114073,236000.0,237517.03235077523,1994
194799.60976198292,168000.0,183510.92582829724,1995
252598.139073124,232600.0,245377.72307407597,1996
290614.74145295203,342643.0,326239.1824886276,1997
289151.4682366196,375000.0,357993.3287345326,1998
230091.56197817868,234000.0,238996.72301693726,1999
282506.19164525234,290000.0,289649.8255498783,2000
246043.65451590813,235000.0,232020.582687605,2001
227387.56043240477,224000.0,229340.7313394869,2002
255956.95313340268,228950.0,235224.9514974127,2003
245556.72484212404,205000.0,196136.8128869549,2004
224304.29748105456,202500.0,226062.27567866864,2005
220174.87577194948,187100.0,195724.49180270484,2006
251884.38508546446,235000.0,253735.2702357633,2007
186396.56168333022,165150.0,174061.78098070578,2008
182642.09716125953,176000.0,180091.30871542892,2009
196033.31678578115,162900.0,181369.3206184661,2010
142071.55988331971,135900.0,140052.92198935198,2011
182375.71910554892,170000.0,171431.03184446695,2012
174974.26011511323,173000.0,164603.51201924696,2013
181407.46528687357,167500.0,178482.1834646538,2014
195721.8888947825,170000.0,183869.8459579789,2015
184148.75439999456,179900.0,179432.41673069482,2016
200689.61075129674,173000.0,185340.28142705924,2017
126298.22940905506,135500.0,132234.8126001664,2018
117393.71974687312,127000.0,126129.44933902973,2019
115983.78575267408,128200.0,124401.24838229918,2020
112779.0249616069,124900.0,123508.92921196212,2021
187824.14592116576,182900.0,185097.25740041115,2022
166786.82747108393,165150.0,174276.7331717013,2023
237265.59246914755,260000.0,244795.5485615967,2024
325420.8429249517,318061.0,373967.8696138635,2025
189443.37243768902,165000.0,169237.24112797683,2026
147913.98420783493,119500.0,127332.05231786965,2027
179607.06401494844,158900.0,160375.85807821678,2028
169060.63327748238,159000.0,156982.44688638588,2029
256144.13869453216,270000.0,267608.7850854212,2030
231982.56337082555,219500.0,214939.4354939961,2031
242496.74572539533,238000.0,255562.5302186946,2032
249574.19796964235,240000.0,264945.1618251628,2033
177103.38373288568,155000.0,162076.19790735337,2034
205368.3256325912,176000.0,192094.01541782057,2035
213566.30794054852,165000.0,182986.27053806392,2036
214610.10146118756,165000.0,183138.20243529472,2037
304954.33076739294,262000.0,291608.6874613045,2038
206555.4264098716,172500.0,188679.77362918147,2039
322864.19202009286,325624.0,319811.35050112614,2040
237238.9887139348,235000.0,235978.54816456154,2041
207106.62344149515,187500.0,193617.3005558749,2042
188633.7252696458,181900.0,185484.9766206749,2043
215932.80392785597,197900.0,201389.44835340595,2044
223879.96136053128,234000.0,229829.24581397092,2045
187192.89044023168,175000.0,173425.1464990284,2046
149399.32888739638,155835.0,148104.2629304505,2047
132208.66721772135,138000.0,140642.67105144355,2048
198845.5341182963,150900.0,155031.26291833524,2049
196918.27474219413,175000.0,187242.28672913116,2050
100938.45395491955,107500.0,106308.57384879407,2051
144354.24363851946,148000.0,147366.1029908456,2052
133719.8347073732,144000.0,139991.53330487068,2053
79855.05690317061,88000.0,80778.97413774472,2054
170454.29980102056,174000.0,173580.19955135183,2055
133884.0237174357,137500.0,134015.82591286962,2056
128349.42813843797,134500.0,132359.9770146147,2057
204416.60387837057,200000.0,203387.21410997972,2058
139478.59176111588,149350.0,143401.5420713167,2059
161935.50267652355,168000.0,162902.89687329988,2060
195132.07221891911,207500.0,207136.42558699477,2061
136356.41276755356,142000.0,140147.83943986424,2062
109238.5825338765,110000.0,114128.31420155987,2063
153503.48217716516,150000.0,147301.08593759008,2064
129783.80161530443,136500.0,136099.89533235028,2065
200922.43269721663,202500.0,194976.055858282,2066
145900.46432500702,126000.0,138611.37782472008,2067
203908.25737879166,200500.0,189582.53632396957,2068
79027.89328995263,109900.0,97038.9131272282,2069
123835.08887171341,120500.0,126406.43515169316,2070
80628.9772724244,91000.0,85671.00245851156,2071
199838.0530948521,150000.0,156015.55397793397,2072
132810.15270797044,138500.0,141784.7318050668,2073
196489.6296977782,190000.0,191028.02883431528,2074
152020.2804903627,141000.0,144457.86111287223,2075
128411.32475637438,129900.0,128791.36714048218,2076
146792.93067317083,153500.0,146538.02176940776,2077
127214.00619859737,138000.0,133001.73938705574,2078
163210.72168948757,144000.0,147334.64654837645,2079
138833.05502863126,142000.0,141151.75865742558,2080
148944.29959062842,137000.0,137781.5278222849,2081
176396.59701310453,216837.0,197709.32863477035,2082
159709.13814864279,159500.0,157151.93611254732,2083
111846.00954347337,124900.0,119731.34013949148,2084
133636.01651271904,144000.0,138498.39296062183,2085
131048.52751851414,115000.0,117832.59378674667,2086
143477.8573248111,140000.0,141332.66879877198,2087
132921.56217945952,147000.0,136175.7857459507,2088
96009.45555433907,113000.0,108796.8590709969,2089
155708.068515548,154000.0,157244.89565255682,2090
115916.48104026509,128000.0,125066.10242724973,2091
145191.40963452894,153337.0,145389.92062555804,2092
157424.37595543786,143500.0,148483.26253817155,2093
144390.4389181644,132000.0,129568.58505539302,2094
180591.35539969738,142000.0,154915.00750049215,2095
103317.50425689196,107500.0,109430.82085304167,2096
103517.34779453606,100000.0,96188.60679683858,2097
174734.53997609683,144000.0,149990.94885248126,2098
23935.306392960832,60000.0,63371.80812892712,2099
97228.55190840576,137500.0,122873.81159356213,2100
157405.70584795292,167900.0,169700.0911629558,2101
169358.38897215851,140000.0,151727.79953170163,2102
107472.5168605808,109500.0,111157.80774735258,2103
202297.22473139485,211000.0,204068.56922549588,2104
125841.25916375357,126000.0,124548.0282165467,2105
76848.98750022703,126175.0,109915.20376634355,2106
249406.55987325413,262500.0,256415.8660245544,2107
123862.69605016457,137000.0,132126.24723648635,2108
110614.76856403136,134000.0,122460.18016094729,2109
133332.23414155035,138500.0,136724.79635573312,2110
185002.92470489198,144000.0,169470.2811438665,2111
160638.59152705557,179000.0,174734.5634028839,2112
123954.70228154658,126000.0,128220.41724750139,2113
139896.9848222611,127500.0,128841.87337575972,2114
173199.76670461992,144000.0,158204.0795118277,2115
127928.47570387181,132000.0,137885.56764952978,2116
171492.19103795246,152000.0,158177.2833186021,2117
148469.95711142867,142000.0,137018.412207441,2118
138132.6210961141,140000.0,144132.30740436574,2119
122642.2029357914,117000.0,116262.39236693812,2120
102275.53087824659,126175.0,121722.18783671732,2121
104928.92638418834,118000.0,105420.16881466555,2122
85279.44874823278,95000.0,93578.32201785936,2123
218582.84490838644,202500.0,214514.10391581952,2124
187260.18890981615,185000.0,187631.58760776356,2125
190688.21292699716,167900.0,179238.53121750854,2126
200031.8231832713,200000.0,199695.6065377094,2127
163367.18475064752,147500.0,150233.98200649626,2128
132011.98652185177,124900.0,123238.96157277194,2129
161048.97443626466,146500.0,152695.32080514342,2130
206639.60847609688,207500.0,204653.33290838273,2131
143258.84376640548,147000.0,141509.4492213281,2132
151000.50268244318,140000.0,147098.86238746726,2133
147586.7398730297,139000.0,141546.63071292688,2134
111265.9255490974,101000.0,108319.16724018147,2135
79244.74706908819,115000.0,100312.34674431023,2136
127395.73963552815,138500.0,135091.44781917823,2137
138528.64474907372,149900.0,144083.46119932804,2138
158888.7294212292,152000.0,158055.46043880138,2139
124120.13692788026,134500.0,131774.1940088568,2140
142514.81256499916,132000.0,134921.4092513792,2141
130140.29489732234,142000.0,138846.76625556618,2142
145550.04677482115,152000.0,150581.05967756597,2143
148746.98816082563,153337.0,155692.5327138946,2144
121630.2336483334,134500.0,130009.33250785852,2145
168250.67283887285,147000.0,166716.04550019407,2146
182289.41017094342,165500.0,174003.9111168566,2147
151382.1886254376,147000.0,148400.9272744959,2148
145585.3152797507,134900.0,134807.48692266952,2149
212593.21931491425,225000.0,227585.16340316922,2150
147148.06270381884,118000.0,124463.6273017704,2151
155216.02343142036,221000.0,196332.7769002231,2152
168351.4453278797,197900.0,183133.28681766125,2153
98886.11309785035,115000.0,110105.88200066847,2154
141865.8636546507,120000.0,130815.08805999445,2155
249010.2314393975,250000.0,253490.5708387635,2156
222365.43424793702,234000.0,232821.08989354045,2157
224147.28709493228,225000.0,234611.53585479947,2158
215350.70378281223,202500.0,199816.22486940483,2159
173833.6917006144,155000.0,160636.28801840128,2160
254650.05060515468,224000.0,247420.36335455807,2161
342492.14077168424,386250.0,378582.40126270126,2162
284352.1021784042,333168.0,318641.64882700203,2163
241577.99437984993,214500.0,225122.15904222752,2164
193219.1039734835,178740.0,183340.2750445061,2165
136428.3673518592,147000.0,141914.02858588437,2166
206201.11760195516,203000.0,208505.73381632045,2167
189264.6750832003,179900.0,190652.57693771587,2168
195337.9576500972,178000.0,183061.0124515032,2169
211830.39561074655,205000.0,203519.26284914344,2170
144464.59103137392,147000.0,142467.1424651508,2171
145174.9636872052,144900.0,145510.94218986804,2172
163524.55183670056,180000.0,172546.3837756351,2173
238469.87795418946,214000.0,223254.43974565488,2174
275035.59938794374,225000.0,248625.893879932,2175
263981.8736291089,318000.0,307593.33910021686,2176
242883.54596567122,226000.0,231658.83830038732,2177
221574.66265652847,178000.0,199784.36229678927,2178
138040.9660605138,140000.0,135073.0678657994,2179
234700.6142351909,228950.0,214663.70390168863,2180
205679.66380233798,190000.0,197384.14947646778,2181
231690.55605393127,197900.0,204508.855124751,2182
202887.1757498543,182900.0,188649.60474473154,2183
131540.5616463652,142125.0,138159.57000927237,2184
125550.88649146471,132000.0,130320.84325758161,2185
163455.67047003368,153337.0,158988.04398836102,2186
162507.60801969864,149900.0,158715.04572629623,2187
160531.33027739622,158900.0,158391.27125200446,2188
283591.77678929357,285000.0,283476.8799957953,2189
77444.79265780312,84500.0,85517.41343360615,2190
77444.79265780312,84500.0,85517.41343360615,2191
75133.76168225725,93500.0,86856.62220451942,2192
98798.06716596572,93500.0,93350.81097619545,2193
92679.8613010718,93000.0,91812.9901292315,2194
101131.88469213108,126000.0,115295.56128978002,2195
106643.97578062769,131400.0,116764.52242987175,2196
117665.5484690345,130000.0,121148.7188206469,2197
189209.08525755064,202500.0,200856.12356715498,2198
196159.86850620172,189000.0,195099.81540321643,2199
148091.21345787932,147000.0,145138.58755285948,2200
152316.16393375493,147000.0,146774.52427077145,2201
189714.69706519702,143000.0,154886.17160449532,2202
179623.09683038283,176000.0,173681.03735516084,2203
169905.940131295,191000.0,183705.42519638152,2204
137705.5168188652,135000.0,134821.81999946313,2205
151031.81241773636,144000.0,145381.53762586313,2206
230694.40112556412,165150.0,182646.9145143122,2207
225551.83434597612,205000.0,207681.84832314102,2208
210039.7113784324,217000.0,210339.6845166636,2209
137277.8684215056,110000.0,114170.67848073848,2210
131244.48439277508,125500.0,128459.19888345737,2211
135404.55039238674,125000.0,128798.25545540568,2212
112827.89376683182,123600.0,110632.16853242306,2213
149227.56858201767,136000.0,139469.08374071712,2214
110154.07759110494,124900.0,114891.93275586095,2215
178275.4155663951,171000.0,174318.2814992067,2216
27884.97304033555,68500.0,69048.79192459307,2217
100689.01446040004,112000.0,111858.65539278781,2218
88242.27670776316,86000.0,87818.75241919435,2219
82884.49971573285,86000.0,83350.73885939019,2220
240229.6676872215,275000.0,257812.97484625562,2221
221637.13631738542,275000.0,251271.92507474258,2222
264324.336500887,340000.0,300224.97229628556,2223
222239.69469903415,189000.0,187140.57920002347,2224
153663.58914912658,143500.0,149406.82557277652,2225
173558.40742023478,218000.0,206928.69132948297,2226
206382.22048849802,181134.0,193696.63905042608,2227
245259.53407659076,214500.0,238756.4705749919,2228
226018.43914714153,200000.0,202439.01393139485,2229
135610.46524079668,129500.0,131280.4838362965,2230
203134.1357528479,179900.0,184790.4769273112,2231
191869.2823664924,182900.0,188986.38853903086,2232
176252.15025839175,167900.0,172817.83676042393,2233
222056.26058358344,187500.0,222733.52082653594,2234
206574.88385629124,228000.0,214042.21995474986,2235
251801.96843380432,318000.0,309617.20031511236,2236
284799.9023032562,372500.0,357428.1840505062,2237
217372.7848774666,177000.0,194367.4930771843,2238
118032.2076813808,138500.0,130561.4489306387,2239
164604.5913808279,157000.0,162593.67897243242,2240
152350.3428616874,144000.0,141935.0640711893,2241
139725.47503158412,145500.0,140692.7806532177,2242
137096.02686610754,130500.0,131046.58990209852,2243
91038.01310215188,91000.0,85254.99235895966,2244
89477.54836828989,86000.0,83384.00654371358,2245
135896.0113953426,143500.0,140559.7918123941,2246
115331.92348713733,88000.0,93164.30049774046,2247
108335.647517052,119500.0,115828.04754228189,2248
110837.46756678914,119500.0,116868.77534308752,2249
125992.55896398278,132500.0,132530.33417620393,2250
159091.6510952211,143500.0,153921.47292966503,2251
202333.05483838957,196000.0,194213.29661242862,2252
150684.09268935196,128000.0,135834.44304712815,2253
168288.23115119446,140000.0,157095.38331553174,2254
183869.44116467086,165000.0,178653.8609987925,2255
183723.65925445204,163990.0,168699.7270122011,2256
213243.63579880868,200000.0,209462.40755659193,2257
181999.53481431608,160200.0,169236.04393067694,2258
177542.8255773629,157000.0,161306.96293691307,2259
167685.3609221454,159950.0,167755.62809832892,2260
200406.08950414733,170000.0,173700.53404157277,2261
213652.8438124627,215000.0,215420.07444694432,2262
279557.4130678463,240000.0,249404.39870262105,2263
347888.7306720838,386250.0,381345.71567367006,2264
179783.13762983575,168000.0,168047.47551982602,2265
256527.09227063725,236500.0,238136.0241282907,2266
297857.5178540273,380000.0,356610.8155178465,2267
312935.1931760685,360000.0,328872.63867104566,2268
175422.95733301854,179900.0,174616.25029176896,2269
183256.3723695252,155835.0,165066.80902645524,2270
227039.74247856258,197900.0,210249.83666950703,2271
210697.33695700215,205000.0,202299.19940840552,2272
166398.80963156815,165000.0,168307.90720699017,2273
178902.59568791723,179900.0,174778.78548812462,2274
194613.58624540706,189000.0,194371.83670474027,2275
196900.08477948414,185000.0,182633.11286325316,2276
198437.96045931653,187000.0,189593.29254102285,2277
162405.20597129536,162000.0,160600.0619859538,2278
119918.2119182347,130000.0,126041.32636639968,2279
99695.21369928442,118500.0,113253.22462784383,2280
180858.76288818353,180000.0,178895.4370971751,2281
182831.5002350874,181900.0,182681.70908534818,2282
129244.9661779742,106000.0,110576.7161209452,2283
140557.99347387918,120000.0,129040.40589349298,2284
163210.8823789477,143000.0,148885.94503570895,2285
125864.3863901273,134450.0,133501.57001179937,2286
283630.6755508645,341000.0,320167.8256465063,2287
261015.31605031807,229000.0,257775.6429101379,2288
299183.7397418116,381000.0,364425.6353477789,2289
340089.8765925605,410000.0,382343.3154755888,2290
278164.6886815359,241500.0,257529.4945272732,2291
324079.1387626911,402861.0,383762.1173457189,2292
352449.30246811686,386250.0,384199.9178153416,2293
330199.1914508392,403000.0,380237.62771031505,2294
355970.34162980894,386250.0,384241.6470344375,2295
270844.73175654805,312500.0,298830.83681235684,2296
252926.82823698272,206900.0,217412.67749522117,2297
286697.9725258909,341000.0,325442.2978216142,2298
326340.1180650982,423000.0,391796.39897552563,2299
280253.7572551518,239000.0,260166.3214363105,2300
237329.5228705089,189000.0,191978.38628034978,2301
237967.9874491406,187500.0,221152.04034584181,2302
248587.8328639339,244400.0,260374.339747343,2303
254807.60108135437,224000.0,232404.56416981903,2304
182927.328558344,176500.0,172036.29783683678,2305
182927.328558344,176500.0,172036.29783683678,2306
181355.39288713894,180000.0,179939.11504392,2307
236894.0420385043,214000.0,236278.17346257807,2308
253849.82739025663,240000.0,240328.18784554265,2309
215148.277417594,185000.0,194804.05878470236,2310
202583.30794868662,182900.0,190135.20203220486,2311
170220.3570736472,158900.0,159701.289480131,2312
167817.6159520804,165600.0,161491.67953997842,2313
177259.87637097994,158900.0,161292.96441193068,2314
166073.72699041167,158900.0,156604.00661027522,2315
179277.79867953886,168000.0,171189.3129475559,2316
176030.59048695627,180000.0,174901.49266065663,2317
166963.1132463677,158900.0,155709.84495711283,2318
179559.15207700786,158900.0,165108.88800208506,2319
189463.36724484415,167500.0,178424.4159932844,2320
240611.58459214235,228950.0,250402.22581997552,2321
188048.39465096782,159895.0,167159.19013241885,2322
170495.02593764046,145000.0,156730.93668845991,2323
167487.08622464153,120000.0,145766.90174717628,2324
214078.69205397333,232000.0,230460.26339418566,2325
168548.49798189386,128500.0,148088.89260417008,2326
209198.40526110696,190000.0,198874.02276374595,2327
211908.22614216126,197900.0,207588.52482113338,2328
182125.49281877434,165000.0,176334.93447803962,2329
181251.4476395695,162000.0,173235.94812807217,2330
308758.4547130695,381000.0,360798.82139001414,2331
338270.865035602,403000.0,376059.038274477,2332
291905.02733842353,310000.0,306234.0558446479,2333
249154.4616608755,239000.0,242750.19089027602,2334
250366.98251390873,228000.0,244205.29110829005,2335
292983.8990983782,318000.0,313374.63662260445,2336
203600.21116742602,200000.0,190478.43270720585,2337
248111.2182942459,224000.0,239598.18885397335,2338
230432.30753355916,228000.0,232495.1853656896,2339
325435.08248957247,402861.0,379376.0093448026,2340
211800.41537894227,228000.0,228413.71250880236,2341
231005.8488327193,228000.0,232337.42975244956,2342
217015.5889499709,196000.0,213348.765658439,2343
224708.68608909738,205000.0,232630.2207827064,2344
254498.67459664954,225000.0,233732.31749749303,2345
217859.9637378409,185000.0,194439.99204909976,2346
199824.54400463763,181900.0,188894.23891992032,2347
225162.2323868883,180000.0,199981.80104402534,2348
155962.41485954128,158900.0,156557.66098365217,2349
245854.9515623066,205000.0,196180.22200044937,2350
238112.78513596187,235000.0,240958.50409575377,2351
253844.65456392296,241500.0,263430.7625095687,2352
242347.0799511649,230000.0,230392.601801843,2353
135785.19528425817,141000.0,139677.79661283738,2354
156400.72729526422,128950.0,140625.41832812267,2355
146719.2373933633,148000.0,145747.995175611,2356
211632.54787436026,201000.0,209659.94911458017,2357
188768.48909478815,185000.0,186888.63882405843,2358
142048.8210360993,120000.0,134048.4782197488,2359
116319.05853129068,128200.0,125960.0715704937,2360
145682.62275173402,139000.0,137970.67580432596,2361
254235.41198749424,275000.0,263077.55763388134,2362
137259.31281886264,140000.0,139709.03933787273,2363
159110.001356943,148000.0,156148.1428963552,2364
219353.99501327483,187100.0,196760.35754711254,2365
198258.84657625147,170000.0,173324.7459328809,2366
231654.8257401649,264132.0,259029.06624462994,2367
197720.83953086092,187100.0,186734.99019731092,2368
233350.62039263383,262000.0,264190.666050853,2369
166674.81951602176,155835.0,157427.3462327049,2370
170591.81264893073,176000.0,174309.82443211376,2371
202866.43066848457,187500.0,190048.8525050091,2372
242243.94089869683,235000.0,253781.0381652613,2373
281050.5661379595,228500.0,254562.07421342976,2374
228211.10040911776,241500.0,258904.36273898976,2375
276469.9073242871,217000.0,245476.07589568276,2376
316682.6572124513,335000.0,294934.81617274275,2377
157689.0656193503,149500.0,154689.6656351506,2378
229078.6277740076,244400.0,207683.91710310173,2379
157086.7248366722,151000.0,157837.71265862716,2380
179075.3587670203,175000.0,176103.4585640934,2381
209443.00034701987,181000.0,196812.18258809616,2382
218232.66778893562,230000.0,230637.4543111126,2383
226442.56745126803,212000.0,225023.98540682238,2384
159577.41432271583,148500.0,153446.6296691182,2385
146740.9148069842,149900.0,144836.19218620562,2386
130407.69136803763,138500.0,134951.56171277488,2387
113857.50422769923,115000.0,129027.03445202683,2388
134985.6716489138,138000.0,142642.92051260316,2389
142459.93342989197,138500.0,142669.09713355286,2390
142452.99613132444,144000.0,134286.75376037514,2391
116447.24449754809,128200.0,125937.67521943002,2392
183563.31321172658,164000.0,172089.55884980457,2393
153857.09456413932,143750.0,146182.99705383682,2394
205687.28094245718,193500.0,207694.53701857603,2395
167151.00549763412,176485.0,173962.30300446806,2396
206992.00628713382,197900.0,208138.5217839601,2397
126957.87604613125,135000.0,132909.44819160036,2398
48196.31886980627,80000.0,72892.09679978051,2399
39038.12528630023,79000.0,67685.05047314879,2400
109110.69379103344,124900.0,120226.53622860042,2401
135455.59938593704,141000.0,139291.756724079,2402
196627.56117914408,175500.0,154898.0653976518,2403
144934.4263679655,140000.0,144658.10581196603,2404
174684.90663755022,165000.0,167326.62473222404,2405
137075.09778859303,137000.0,143700.39448650152,2406
125909.87892424759,137000.0,132199.6389692718,2407
147000.08443400744,145000.0,140626.1387137277,2408
138206.4551610143,147000.0,139868.54494888915,2409
203509.55433314038,205000.0,197763.782429423,2410
118665.96798160701,128200.0,126480.6577822458,2411
154856.0921801325,170000.0,161927.5772360626,2412
144205.81897373009,146500.0,144737.09441226418,2413
132134.85001179326,142000.0,132105.43360172928,2414
181744.70778771167,175000.0,177106.52437091238,2415
146173.41301505236,149000.0,149020.4637915336,2416
145158.25962297607,143000.0,141908.8038799924,2417
117122.81903796594,126000.0,124075.15484403468,2418
141417.01163116892,148000.0,140671.75725711955,2419
121497.58116973734,133900.0,129655.42370129455,2420
148611.35388772978,200000.0,181908.2781175793,2421
122458.3576285057,130000.0,128040.43661124182,2422
117440.71556518102,128950.0,122148.14367608934,2423
170847.21870549556,161500.0,156894.83469580053,2424
260536.94645347627,239000.0,242850.00174989304,2425
136735.33194737442,144900.0,131248.6029503723,2426
128046.9337097087,130500.0,126800.70339833086,2427
183316.26977626648,160200.0,177501.23804948136,2428
114399.44720272935,120000.0,121286.55279080168,2429
137586.47983320543,142000.0,141745.7091674737,2430
137847.09911302783,144000.0,140917.55108554222,2431
127887.03833876486,139000.0,135395.57304051262,2432
140449.821205151,149350.0,143304.0923331511,2433
146036.08033834922,149350.0,143754.48231890224,2434
158216.79188889742,170000.0,159817.90602681253,2435
96692.30488754417,106000.0,103590.49321549268,2436
113355.8618097652,128200.0,123749.37979759218,2437
118280.96499568738,128200.0,126424.00168978816,2438
132831.0993813444,140000.0,141897.97450067478,2439
165528.13590875358,143000.0,152771.70729855308,2440
123038.47629065986,132000.0,129773.45385742528,2441
118335.8358208073,134500.0,126055.99957506185,2442
132236.24312806252,135000.0,141735.15996777025,2443
136572.50476824242,125000.0,129923.5873506029,2444
100702.0490096556,115000.0,105445.16700927464,2445
156229.39734278497,187500.0,183511.5695191274,2446
227434.4420695465,174900.0,182663.12307946995,2447
169052.61908712453,158000.0,160283.66568971134,2448
134195.62043057813,131000.0,130912.33455923371,2449
181721.70398614934,164000.0,170825.7175971181,2450
133253.22841115083,146000.0,137244.06193973156,2451
243015.71210254403,207500.0,210712.11895068985,2452
83147.38560980294,93500.0,92184.31314418679,2453
108561.18820608013,127500.0,116934.65434778797,2454
121543.74997175069,129500.0,127295.24335874889,2455
143790.53386411606,135000.0,133251.7425194957,2456
125730.88717095973,123600.0,122602.40697673021,2457
137338.23025604428,115000.0,121452.76458106042,2458
113301.71515837345,119500.0,121615.85212725314,2459
169936.30273045955,146000.0,155032.33044019665,2460
131528.2285020598,131400.0,132488.87059824474,2461
143247.7076374147,140000.0,139229.62933294213,2462
139682.5394957556,135000.0,138202.4626767568,2463
210643.15045697815,207500.0,204167.92527735248,2464
166532.66539914446,147000.0,151971.91367564857,2465
148214.29197817532,148000.0,143851.0920058854,2466
174997.5646085587,149500.0,161468.66266495307,2467
120127.38786262815,120000.0,116776.03703380843,2468
131870.28318293745,139400.0,132767.0184708025,2469
219567.41878483442,190000.0,190163.24335352986,2470
205615.70884555636,199900.0,208836.2818616067,2471
223896.41519409738,214000.0,225256.84290587847,2472
125530.42389479723,135000.0,127715.96729497222,2473
122847.93154957349,127500.0,120670.12750005623,2474
236259.88029475973,239000.0,247079.65932273192,2475
126906.83850022481,128000.0,128878.17247120992,2476
123392.32812033803,130000.0,128537.43861889119,2477
175835.50584755375,184000.0,177402.49908209938,2478
117818.65317074806,138000.0,127864.162346762,2479
136833.21561397568,138000.0,141066.02300204293,2480
127182.01552434918,139000.0,134299.64271500832,2481
125393.64019608911,125000.0,127832.96201073969,2482
114660.1035932804,119500.0,122870.91215207502,2483
132488.91220311396,138000.0,140348.93740155434,2484
118087.65767839926,128200.0,129976.83876118562,2485
153935.2287084496,170000.0,166970.75922718263,2486
218896.49132872585,239686.0,191566.41101270684,2487
161949.4203949143,140000.0,147288.37808639166,2488
170410.53595040363,155000.0,163636.13946358566,2489
139402.21983134537,147000.0,143526.84141543743,2490
94093.65728921095,108000.0,104113.24318701819,2491
189839.61257606157,175000.0,177962.07846394266,2492
143099.2203813509,146000.0,143356.6733585673,2493
179557.0035225783,175500.0,176505.85989455917,2494
111241.89613189388,131000.0,122956.34798402317,2495
244173.5204303825,217000.0,246399.72967550383,2496
173760.96791805042,144000.0,155861.21955765164,2497
116756.28962640514,127000.0,122230.5557865299,2498
80910.53273882793,93300.0,85924.33589870005,2499
125822.20943732353,133900.0,126442.57240026463,2500
152274.28457977224,171000.0,168516.48766211493,2501
150099.55945119602,143500.0,142222.76619495187,2502
122855.53838471547,133000.0,122772.17048736778,2503
197250.31316126187,181000.0,189159.22289538753,2504
211994.91344530668,197500.0,197698.75037039115,2505
257669.1697456555,225000.0,242957.66493839095,2506
299651.5437478993,375000.0,364948.52710784157,2507
257669.1697456555,225000.0,242957.66493839095,2508
229640.53790438152,197900.0,222812.3154371919,2509
233647.4954604898,207500.0,235147.98608178447,2510
192741.99028233584,175500.0,180678.19949834966,2511
207264.41220062663,179900.0,195267.1160792267,2512
214335.8298986706,200000.0,196002.6809530302,2513
233359.3613968851,254000.0,249090.884994799,2514
146164.2774357678,145000.0,141469.38488820838,2515
155169.5384568587,147000.0,146823.29124428335,2516
126801.13857697998,136500.0,133697.20424002758,2517
131254.6298052203,142000.0,138703.83815103178,2518
215468.6407033754,205000.0,205116.27369455204,2519
202879.82225696708,170000.0,190724.75658101204,2520
198930.74140813295,170000.0,183782.72754064394,2521
210268.30086158487,190000.0,196618.18314906594,2522
124846.9238457671,137000.0,139277.8397812152,2523
132939.3126840933,135000.0,139825.354148676,2524
138104.49142366525,135960.0,141082.22892169174,2525
147669.50522872363,144000.0,141929.61840069338,2526
116670.06264810974,128200.0,124827.84270865956,2527
123947.0537067701,133900.0,133403.86905394052,2528
127405.50642052453,130000.0,128454.49902814145,2529
104476.51992960714,93300.0,97781.91644491468,2530
228447.01193263984,228000.0,217343.11409494933,2531
218644.51373062888,205000.0,204624.66882175364,2532
202182.08349778428,173000.0,189952.02656160525,2533
234674.26467008688,232600.0,232458.47323736496,2534
277986.2984833275,283463.0,276831.3846677763,2535
220990.4081867861,193500.0,199220.16345333506,2536
215515.10259328957,205000.0,216907.79100408594,2537
185765.44527496802,174000.0,180194.89962226604,2538
187231.1351589536,165500.0,171651.69090883902,2539
177936.14135222597,180000.0,178900.78440634822,2540
184331.85064904875,162900.0,170995.46678891234,2541
150770.72010881966,159500.0,150585.02769903463,2542
122239.40986327233,138000.0,129473.87506442674,2543
127303.73644980742,144000.0,138066.8950979002,2544
152944.87604118822,135000.0,142746.0966869479,2545
172329.27219180387,147000.0,159609.14027257983,2546
156071.08253864525,149900.0,156954.36843452853,2547
176445.00195391825,181000.0,164812.4989887106,2548
146100.8206236117,149500.0,142686.46616406462,2549
590009.0118608602,200624.0,264704.03394768096,2550
147743.11835353187,149500.0,148253.84097927206,2551
124507.4184674868,134450.0,130450.15159791944,2552
77444.79265780312,84500.0,85517.41343360615,2553
125615.49684257465,142000.0,143463.55150529344,2554
121781.0374776304,100000.0,115033.01511637752,2555
90181.70906274756,124900.0,100971.26934335603,2556
108820.378982175,122900.0,116184.55048544848,2557
198640.29087161433,239686.0,185831.86743753756,2558
158875.51266872403,161500.0,167424.2390795696,2559
143038.752122879,130250.0,132113.9037614528,2560
145591.32140418518,109500.0,119886.55869032926,2561
150008.30765538485,136000.0,144015.7020869345,2562
151828.4086459461,140000.0,147138.29360776686,2563
192619.52261444036,165150.0,176691.97690380368,2564
122966.88215613196,118500.0,121435.08979241893,2565
142828.7475504729,173000.0,164801.84482695052,2566
144805.24957176944,142500.0,140952.04218886775,2567
202953.59791171728,200000.0,204154.36043848083,2568
194900.30883986576,185000.0,187875.40591350093,2569
138057.75587530303,110000.0,117531.58651241273,2570
179335.14388583222,190000.0,180980.2382483674,2571
189057.94154629056,151500.0,165605.5367686079,2572
231720.78305538802,228000.0,230054.3153259146,2573
278875.6346562877,301000.0,297010.7041553918,2574
161636.52763629932,144000.0,142170.63609388532,2575
136888.95350928447,135900.0,146712.2644921743,2576
170384.6333318022,180000.0,178883.274398901,2577
103115.56910288213,110000.0,110696.82801102608,2578
37126.813420408784,86000.0,72198.30679606664,2579
157888.80796657508,165500.0,188504.09924927648,2580
132526.8542476315,143000.0,124070.84186463442,2581
118431.7243984511,127000.0,128571.35435636385,2582
237340.45446324546,262000.0,247861.98294181892,2583
169772.10729001954,165000.0,163869.6847661498,2584
179091.92602100538,190000.0,186254.6986448323,2585
207144.66799117674,235000.0,222871.72643650082,2586
209027.49347293715,187500.0,211739.2582831518,2587
152482.7860128874,128200.0,135110.94494776145,2588
155158.41448762573,149900.0,155676.10571067705,2589
211683.88914628993,234000.0,232625.6519831828,2590
217921.5826988707,257500.0,253963.10755558402,2591
224981.129312454,262000.0,243951.11656369767,2592
233297.52920252387,235000.0,232042.16258641094,2593
190951.30171032748,167500.0,175424.18551131408,2594
210503.03170333136,180000.0,187424.32627379228,2595
274834.6936125287,335000.0,315927.1145088008,2596
195760.64676355082,184000.0,189485.54024811494,2597
245058.8711249248,240000.0,236061.2511173156,2598
308476.55260315345,342643.0,322306.7642712677,2599
167984.05676698926,225000.0,202923.33609927478,2600
147474.22071511764,147000.0,148570.7224596343,2601
95479.50544895968,88000.0,88209.1988505034,2602
91337.73967838517,86000.0,83616.17464777567,2603
82359.20909356649,88000.0,83335.6260532086,2604
96572.58587296652,94500.0,84572.42717232816,2605
140683.2399632829,135000.0,137353.09046125223,2606
180363.0377155021,179200.0,177312.57598678468,2607
186283.23421221194,194000.0,190403.19149414264,2608
149182.25630215165,158900.0,148347.6095288413,2609
93222.02206375121,109500.0,104617.72908620167,2610
158460.9300907077,181900.0,174109.038981787,2611
149291.76238776732,156000.0,151977.11164299963,2612
108335.647517052,119500.0,115828.04754228189,2613
114543.38374017453,125500.0,124694.77961160163,2614
172539.9313348535,155000.0,161089.2394567654,2615
144041.32250454358,142000.0,143204.032299519,2616
218804.6672928492,239686.0,230827.3076943812,2617
195177.47606593536,197900.0,222508.1016571035,2618
240934.61693300772,244000.0,244938.51608707817,2619
168805.98532314663,153500.0,156231.4436367201,2620
175743.81130132687,175000.0,175232.24687814683,2621
182968.25838742458,179900.0,184307.30245297446,2622
242699.6144805841,200000.0,234884.6641834159,2623
267331.2431021545,276000.0,274123.963074271,2624
310532.0655752499,268000.0,300737.3440066939,2625
163105.34313966578,154500.0,161527.4243720065,2626
201892.66103077857,170000.0,178974.3452201206,2627
316027.7650962244,326000.0,330212.7569883822,2628
369554.43852608645,402000.0,375915.5592017884,2629
290737.80123999,240000.0,261713.07507885757,2630
346630.72837717005,437154.0,429778.1244947015,2631
315085.14046000654,333168.0,324768.59837507224,2632
263862.2811567347,275000.0,279046.1632432705,2633
297307.4791056188,360000.0,373415.6371944188,2634
161877.15040666374,146000.0,159407.7206129715,2635
209556.6782465516,187500.0,199172.61632733812,2636
179638.64589363607,146000.0,165509.25078219303,2637
234872.88036889874,206900.0,225495.3984026276,2638
187597.77832323223,187000.0,179715.2852227402,2639
159710.5734548417,152000.0,157506.06771106823,2640
110958.52400326176,129000.0,117086.24333843047,2641
190342.02231719604,206900.0,203570.5795941414,2642
139897.6826829126,109500.0,114545.93153192289,2643
144642.94672003627,138000.0,137508.48738899356,2644
125105.76408941878,106000.0,107742.91232748871,2645
120619.20155701257,106000.0,106369.70397876049,2646
129244.9661779742,106000.0,110576.7161209452,2647
156084.63961741817,127500.0,134312.0308635728,2648
146841.48045352416,140000.0,143209.62538608717,2649
163067.92126662156,143000.0,147761.02152638466,2650
168731.94466910436,148500.0,155186.1230940261,2651
323389.72479134845,438780.0,413257.7465861555,2652
255378.70285176337,215000.0,236930.96793626776,2653
247983.73002265723,240000.0,238203.70314324027,2654
299985.2243316375,325000.0,320741.8204319526,2655
277329.9294619834,235000.0,258410.79107282354,2656
279275.75907963654,315000.0,311409.55408976064,2657
258272.8890380102,235000.0,241788.90700787143,2658
267937.20087159285,238000.0,248925.68102601616,2659
286224.7660637278,318000.0,303794.40676042216,2660
288452.0566852427,345000.0,324104.0725263612,2661
283988.7169712621,337500.0,329309.6353027726,2662
259210.83034488323,234000.0,243925.7546198662,2663
252468.50286162022,240000.0,245642.2682824826,2664
278734.11927122925,275000.0,285325.482877975,2665
261662.15812168422,262000.0,265432.22587865987,2666
162227.3375204869,158900.0,157448.24720487485,2667
183007.0556759645,155835.0,165067.66169277628,2668
177280.4036579659,180000.0,178409.8823147087,2669
265756.2962702345,248000.0,253405.40460139874,2670
183007.0556759645,155835.0,165067.66169277628,2671
194401.78911790106,180000.0,184390.11313046128,2672
205461.53121072313,191000.0,217735.85352441212,2673
207360.35781987588,190000.0,205919.1151615693,2674
179321.35607519883,167500.0,167138.62484787375,2675
191768.36763113263,167900.0,179969.32494840148,2676
194031.1675914142,189000.0,189498.05528554643,2677
244405.1564263964,238000.0,237083.51529862513,2678
254147.42943877238,214500.0,220930.35942753963,2679
267281.8017756402,232000.0,244879.55435628904,2680
327958.84618667746,403000.0,381821.5504665541,2681
296339.86722511734,310000.0,304407.5974039618,2682
373502.6183713947,386250.0,385111.43811242003,2683
285523.8589504071,305000.0,294709.9258457391,2684
300054.85215225327,310000.0,292566.49283926655,2685
246283.09538241115,224000.0,234061.27106264266,2686
261275.4805688681,228950.0,245539.13584156957,2687
228989.23899515113,225000.0,228760.5457165935,2688
212346.67497430745,180000.0,187667.3742814792,2689
333684.11015109334,465000.0,477937.28676885995,2690
186760.19616241124,181000.0,183295.32261204292,2691
139270.0132573493,128950.0,128374.40314717602,2692
206458.44684503856,185000.0,192019.94114323214,2693
138383.55931853692,115000.0,130255.15916980887,2694
198574.14486038004,165000.0,183922.2189869414,2695
189935.15795394202,168000.0,178116.34775064493,2696
197945.26943072648,197500.0,187813.07538355046,2697
181934.44255902205,175000.0,179764.26931983678,2698
186965.11400058173,180500.0,179210.99310765884,2699
169935.32425744762,165000.0,166163.92073799786,2700
154885.7875678091,149500.0,149121.40564112386,2701
139372.74035511172,136500.0,133339.45148305284,2702
164956.46342529813,135000.0,142127.12220244695,2703
148258.0485050386,149700.0,146169.786521312,2704
123926.78903329327,137000.0,132115.04906095454,2705
116484.35556373457,127000.0,124934.21730788615,2706
129570.13907050785,138000.0,137853.16353984576,2707
127215.42383633072,135500.0,131823.29269131774,2708
102980.47884601641,120000.0,110735.06719699064,2709
118962.15134155603,130000.0,126281.98926761444,2710
282527.1501976267,242000.0,263873.05674996425,2711
308009.7519262857,402000.0,342773.4576819232,2712
185269.13231432726,157000.0,169741.7639851105,2713
165245.58513719594,115000.0,137513.10030673395,2714
168146.0075448703,170000.0,163963.1417493317,2715
157085.581419763,106000.0,121085.95534508408,2716
184937.99106587342,170000.0,177390.39707512356,2717
236048.56779510848,240000.0,233950.51384073554,2718
150504.05421929026,175000.0,168515.9138000163,2719
196635.71583906063,180000.0,184834.8674274128,2720
140807.70763060157,148000.0,142365.86441070298,2721
172098.19941957787,165150.0,174451.76386864224,2722
151497.14647003415,149000.0,150522.20820584247,2723
115717.96897691593,128200.0,124510.1676432272,2724
128104.01566554487,139000.0,136000.72191132323,2725
145389.78661998073,146000.0,146177.54362824172,2726
179227.4633962967,179900.0,179398.36972874365,2727
180710.37137825944,179900.0,179012.27582072438,2728
148117.52202682485,159500.0,147806.37460096594,2729
145321.2228268289,153337.0,146574.61281366492,2730
124613.42756276841,119500.0,121433.6697530641,2731
125184.52286430032,134500.0,132788.59631909424,2732
166506.3881484254,170000.0,170271.38685007804,2733
171073.89203504712,207500.0,199964.23359883964,2734
138670.0115221966,145000.0,141742.33729795902,2735
152282.4183760315,139900.0,143258.9376186342,2736
117660.26128038944,130500.0,124299.93520279067,2737
184461.36727382703,175000.0,176414.20561724048,2738
172180.22246286843,161500.0,163725.32432164636,2739
151843.4345255886,147000.0,151140.63632823617,2740
152078.25789705102,161500.0,161260.20690513976,2741
176142.81809596397,165500.0,172311.29984841438,2742
148561.71561557823,143500.0,145515.20258404943,2743
154121.77746778593,157000.0,147717.03839612257,2744
145772.11612856717,142000.0,142916.10377969613,2745
124941.48475567918,132000.0,130376.29099831783,2746
166026.26420569682,126000.0,149359.1030361289,2747
134345.1232758003,145000.0,135047.8417917456,2748
126010.93574749297,138000.0,132340.48006301324,2749
129676.7803351322,142000.0,135696.19402349045,2750
114227.56370292058,119500.0,122961.74726383218,2751
245511.49312605918,274900.0,259022.53537000585,2752
172489.28273560305,167900.0,160693.79284624397,2753
270131.51460822986,301000.0,275433.48803263763,2754
167559.11730548093,144000.0,150188.23711615914,2755
69073.10258092122,88000.0,73201.09940627184,2756
83479.16281955596,100000.0,85160.54350272143,2757
74511.55742341893,86000.0,80387.95423652008,2758
172447.57769287148,179400.0,167156.60467745372,2759
163550.92611678882,185000.0,163317.86388932032,2760
152573.9430684565,158000.0,152686.60352426846,2761
156511.01652694022,154000.0,158636.54602150375,2762
203498.3662992909,202500.0,207365.25200431698,2763
173282.73351350904,143000.0,157385.1305256812,2764
258067.64402065863,255500.0,241085.99515750862,2765
140279.65707223566,144900.0,142154.44037139605,2766
76522.5310483302,93500.0,88017.2625175702,2767
155873.86511272428,214000.0,175868.52751466833,2768
137171.1327338505,145000.0,140753.10152880335,2769
175167.7059467426,153500.0,161862.9604710619,2770
114701.81445546783,128500.0,125011.59760143278,2771
112451.93484193583,124000.0,119745.25894600757,2772
182998.52555246564,194000.0,184700.81814746113,2773
163638.87639049973,180000.0,177796.5160921854,2774
141290.8341921884,150000.0,158924.4247993651,2775
165100.5184193969,147000.0,152512.79966878364,2776
185817.43046893668,165000.0,168154.62654525484,2777
139046.73241304324,106000.0,113558.50084514673,2778
167399.2153818238,190000.0,180662.66827841915,2779
144035.56347302298,142000.0,143537.30710296446,2780
109179.8715746629,116050.0,115078.84916766062,2781
96945.71160090812,112000.0,99708.40192598777,2782
97736.99956398354,130500.0,116773.4003186117,2783
135452.05310732333,135960.0,137548.00806056507,2784
156693.80756760607,167900.0,153227.12021618607,2785
44998.239100082894,60000.0,70957.49034437786,2786
146876.97969495543,144000.0,143402.84368622655,2787
74839.66003642975,115000.0,98135.7952441625,2788
229852.86115416684,239500.0,234813.09546114496,2789
108770.88659404077,93500.0,95362.70350117337,2790
136990.28470241206,135000.0,136430.8723333627,2791
77903.50597976016,123600.0,109935.7763227161,2792
177872.48492763223,140000.0,169923.40974764564,2793
88316.40091621855,120000.0,107510.6083475069,2794
128441.71254480895,130500.0,128242.58998132701,2795
106605.13697257715,111000.0,114436.40632161393,2796
249124.7758426773,250000.0,239241.82806574283,2797
124110.01980068248,131000.0,134405.531256558,2798
126467.63495281388,115000.0,123696.19804571853,2799
90134.4822590535,96500.0,93500.0922330735,2800
140945.13809580868,142000.0,142051.70616020716,2801
141820.0577871931,143500.0,137307.20909681142,2802
231998.24912504214,216837.0,235886.14290387995,2803
147611.01904306322,137500.0,132783.34473111943,2804
101793.97268076551,107500.0,108682.67071739818,2805
109756.77273819508,109500.0,115755.66451378456,2806
162237.2548861989,145000.0,146882.03890399888,2807
142666.45995864994,148000.0,141686.5450634388,2808
137056.24697694028,142000.0,142009.62936790485,2809
129479.5840371938,142000.0,137365.1683908558,2810
168494.45871041264,168000.0,166985.9894189678,2811
158615.66222352543,150750.0,158041.12465201278,2812
219006.2686068965,200624.0,199137.92915924944,2813
217689.82005250786,200624.0,199439.44489115538,2814
114923.7091308002,128200.0,125597.3724295709,2815
241574.60313120545,260000.0,288783.1558014052,2816
138737.18819954182,138000.0,141775.66999976116,2817
122176.62584929499,122900.0,122951.79360282174,2818
182740.03453805074,163900.0,167038.30837094202,2819
139696.76765211538,153000.0,143387.06071135553,2820
122857.81565672575,130000.0,125323.78638203393,2821
212635.67513352504,195000.0,197115.77425653156,2822
323270.9970643212,745000.0,669594.2128724674,2823
188230.26105551675,190000.0,206369.36433309823,2824
144100.47099165458,131400.0,133440.05180568722,2825
129376.04063101417,142000.0,136251.60216838765,2826
173195.1565045476,145500.0,151613.42123879152,2827
230157.87829525664,232000.0,225356.74624341205,2828
210443.38077653805,185000.0,181923.46382012087,2829
239590.35464865636,224000.0,227305.3568004076,2830
191006.28330272797,167900.0,171310.06208495962,2831
222842.3039863415,190000.0,199529.8396124536,2832
248517.39842325205,215000.0,242684.10498771004,2833
212170.11716912937,205000.0,193171.66170652368,2834
223277.4130070943,218000.0,231089.29853291166,2835
195122.36208632647,183000.0,184831.01686652112,2836
185521.54842513654,175500.0,180225.74706971247,2837
143533.30032056913,145500.0,144330.11841707694,2838
168905.44014789825,154000.0,155194.4596506773,2839
207845.37918615778,228000.0,215471.78154447518,2840
201840.8863988996,170000.0,188657.61385641346,2841
209181.70225222936,190000.0,194563.09301445392,2842
150886.1654017136,153575.0,159234.13201410093,2843
179618.02097646202,165000.0,166412.87453544748,2844
113452.00128445824,128200.0,123732.58253429439,2845
204732.11337945887,190000.0,193475.0968913828,2846
185360.67071740134,175900.0,181085.02605970763,2847
214650.76792174834,202500.0,224462.12468561865,2848
211157.1918107931,197900.0,203777.7288400696,2849
259562.71503394865,239000.0,247050.48121496543,2850
222748.43107615912,205000.0,216036.39586308,2851
224867.35932461984,207000.0,221191.55655074408,2852
220211.87539635238,205000.0,213203.82871213852,2853
138076.51226289713,141000.0,135014.53708252593,2854
203508.69616606898,185500.0,188715.11578798553,2855
203426.36914939742,177000.0,194688.21898713606,2856
194650.16220733765,183000.0,186704.12231779587,2857
197568.96831509436,184000.0,187295.88834794716,2858
130580.96434653037,157500.0,137998.08556689913,2859
126323.7115806352,132500.0,130225.58424382843,2860
141622.20698510826,146500.0,144085.7855564277,2861
202260.13725888595,183000.0,186922.4780570366,2862
120123.91867381881,124500.0,119222.31206657398,2863
240085.42288129625,236000.0,242119.1646597509,2864
147743.11835353187,149500.0,148253.84097927206,2865
199748.97433902757,140000.0,167865.8586204619,2866
90771.04044363536,108000.0,85259.33909435073,2867
164440.92720056488,148000.0,150216.43072065487,2868
144083.0035399804,150000.0,154230.75819441254,2869
149514.13391750504,175000.0,165675.12569407132,2870
110347.54033779626,126000.0,107643.42336261662,2871
28966.99628977661,60000.0,63813.112135550735,2872
112084.94058716425,131400.0,124793.3886742715,2873
151269.29924358072,144000.0,148309.37877389826,2874
156281.18516905987,146000.0,145110.03568449104,2875
171667.11727493716,146500.0,160767.2479890616,2876
156329.35658572835,146500.0,149501.72304348365,2877
184131.07284913433,161000.0,167973.867412488,2878
144743.2093291313,143500.0,144201.00541966848,2879
131371.03604229353,127000.0,127037.37294489624,2880
165002.16239826262,146500.0,147776.90791444626,2881
163108.71757190296,162900.0,160124.34811658436,2882
202938.1094829774,180000.0,184703.21269093367,2883
199312.9869955908,170000.0,176228.56490556,2884
182860.07307627553,140000.0,164410.13650086388,2885
197502.9517181163,228000.0,208859.7517112954,2886
120211.8267774469,134500.0,125304.98557193692,2887
163067.92769893724,147000.0,152425.65741061387,2888
60027.67938794711,86000.0,78036.8813124951,2889
76876.93954182907,86000.0,82073.89844849285,2890
174150.8268573295,148500.0,161887.20735632922,2891
36142.63618777742,79000.0,67537.38696225041,2892
121469.99607274673,115000.0,120982.04551548052,2893
50039.71022708638,84000.0,73110.52019792562,2894
246519.12988101493,277000.0,277936.6031810575,2895
240062.03129791317,271000.0,245945.39170468296,2896
207116.97110264588,197900.0,197643.95772825068,2897
211809.92516626517,169000.0,189538.7904969356,2898
227258.67263336014,225000.0,228704.52497833924,2899
168840.3868576262,170000.0,167998.0953507692,2900
208081.46961662313,197900.0,205495.01550855872,2901
184552.66683602362,179200.0,179592.94068807963,2902
273268.07055195875,328900.0,312643.5366738923,2903
284627.034796347,335000.0,319725.01265199715,2904
68001.93682005249,126000.0,106208.1146106241,2905
217478.273384818,177000.0,194238.17462012466,2906
119724.51417237401,115000.0,113292.37603216199,2907
113763.4962863771,128200.0,124412.51791974383,2908
208697.15794007768,171000.0,169984.50042651448,2909
62190.21350313416,86000.0,77124.86632274798,2910
95479.50544895968,88000.0,88209.1988505034,2911
150282.6034851637,144000.0,149000.188011947,2912
96537.0396705832,101000.0,87797.55755223056,2913
82359.20909356649,88000.0,83335.6260532086,2914
82359.20909356649,88000.0,83335.6260532086,2915
96572.58587296652,94500.0,84572.42717232816,2916
157651.14890078665,153900.0,152879.1820370753,2917
106459.97671680486,123600.0,113900.64701426058,2918
228836.10665818656,214500.0,216561.42315494406,2919
